{"cameraMode":{"drawMode":0,"name":"Shaded","section":"Shading Mode"},"sceneLighting":true,"audioPlay":false,"sceneViewState":{"m_AlwaysRefresh":false,"showFog":true,"showSkybox":true,"showFlares":true,"showImageEffects":true,"showParticleSystems":true,"showVisualEffectGraphs":true,"m_FxEnabled":true},"in2DMode":false,"pivot":{"x":0.0680379867553711,"y":67.05464935302735,"z":0.23915481567382813},"rotation":{"x":0.006132324226200581,"y":0.12494077533483505,"z":0.0008432449540123344,"w":-0.9921157360076904},"size":8.457983016967774,"orthographic":false}